Time_s,Current_A
0.0,0.5437
1.0,-0.0006
2.0,0.2776
3.0,0.6411
4.0,-0.7085
5.0,-0.405
6.0,0.6054
7.0,0.8066
8.0,23.1467
9.0,21.1953
10.0,22.0215
11.0,22.902
12.0,24.8861
13.0,27.9476
14.0,30.4726
15.0,31.9707
16.0,31.5007
17.0,30.433
18.0,27.9891
19.0,24.5208
20.0,19.7926
21.0,16.0261
22.0,12.6449
23.0,10.8677
24.0,11.308
25.0,12.334
26.0,13.2765
27.0,15.3119
28.0,16.136
29.0,15.8181
30.0,15.0944
31.0,13.3221
32.0,9.7186
33.0,7.2447
34.0,2.9795
35.0,2.8706
36.0,2.568
37.0,3.9546
38.0,6.958
39.0,9.7735
40.0,14.2726
41.0,17.7816
42.0,20.48
43.0,20.6464
44.0,20.2636
45.0,19.2352
46.0,18.322
47.0,16.9091
48.0,16.2454
49.0,17.5482
50.0,19.5288
51.0,23.0306
52.0,26.0096
53.0,29.6452
54.0,32.2916
55.0,33.2189
56.0,33.7225
57.0,32.0284
58.0,29.1409
59.0,25.7421
60.0,22.1154
61.0,20.1018
62.0,18.8532
63.0,18.619
64.0,19.8419
65.0,21.5818
66.0,23.6219
67.0,23.7053
68.0,23.3617
69.0,21.5012
70.0,17.791
71.0,14.7306
72.0,10.7103
73.0,8.06
74.0,4.4329
75.0,3.5041
76.0,3.7764
77.0,5.0412
78.0,8.5119
79.0,11.0952
80.0,13.4062
81.0,14.0819
82.0,15.1833
83.0,13.1276
84.0,12.2392
85.0,11.0124
86.0,8.3259
87.0,8.096
88.0,9.3272
89.0,11.469
90.0,14.5914
91.0,19.4192
92.0,23.1198
93.0,27.1947
94.0,28.8877
95.0,30.6579
96.0,29.0969
97.0,27.5974
98.0,25.8775
99.0,23.0395
100.0,22.329
101.0,22.5605
102.0,22.3643
103.0,24.9885
104.0,27.3758
105.0,29.7613
106.0,30.3232
107.0,30.3747
108.0,29.6967
109.0,26.7922
110.0,22.9563
111.0,18.7818
112.0,14.4468
113.0,11.7852
114.0,10.0819
115.0,9.3562
116.0,11.2633
117.0,12.3117
118.0,13.3652
119.0,15.3204
120.0,-0.6246
121.0,0.5861
122.0,0.2317
123.0,-0.5611
124.0,0.5063
125.0,-0.7915
126.0,-0.5336
127.0,0.4776
128.0,4.6736
129.0,7.4787
130.0,11.2163
131.0,15.1628
132.0,18.8397
133.0,21.3363
134.0,22.329
135.0,22.3096
136.0,20.8328
137.0,19.9019
138.0,17.9828
139.0,18.7772
140.0,18.7219
141.0,20.1507
142.0,23.0737
143.0,27.1809
144.0,30.2095
145.0,33.0716
146.0,34.1395
147.0,33.5262
148.0,31.343
149.0,28.1018
150.0,25.0458
151.0,22.2439
152.0,19.4221
153.0,17.4233
154.0,17.8261
155.0,18.786
156.0,19.7256
157.0,21.5474
158.0,22.2636
159.0,21.4199
160.0,20.333
161.0,17.5083
162.0,13.9913
163.0,10.039
164.0,5.5901
165.0,3.3545
166.0,2.9779
167.0,3.5647
168.0,5.4725
169.0,9.5472
170.0,11.1686
171.0,13.8816
172.0,15.3499
173.0,15.5803
174.0,14.4212
175.0,13.3116
176.0,10.9558
177.0,9.8592
178.0,9.4394
179.0,10.6848
180.0,13.988
181.0,15.8565
182.0,21.0309
183.0,24.2106
184.0,28.0483
185.0,30.8197
186.0,31.0673
187.0,29.838
188.0,28.1377
189.0,26.3465
190.0,23.5772
191.0,22.4704
192.0,22.0072
193.0,22.5044
194.0,25.3411
195.0,26.9138
196.0,27.8584
197.0,29.9591
198.0,29.5694
199.0,28.6458
200.0,25.0819
201.0,21.4691
202.0,17.4637
203.0,13.67
204.0,9.8307
205.0,8.4897
206.0,8.1774
207.0,9.0725
208.0,11.7596
209.0,13.0702
210.0,13.7733
211.0,15.0516
212.0,14.756
213.0,12.4465
214.0,8.8342
215.0,6.5223
216.0,5.0175
217.0,3.1189
218.0,3.9309
219.0,5.9405
220.0,8.413
221.0,12.677
222.0,15.4245
223.0,19.7718
224.0,22.4635
225.0,23.111
226.0,24.0234
227.0,21.6202
228.0,20.4555
229.0,19.3728
230.0,19.3943
231.0,18.9009
232.0,21.8177
233.0,24.2037
234.0,27.118
235.0,30.8213
236.0,33.0114
237.0,33.6614
238.0,33.341
239.0,31.0964
240.0,-0.461
241.0,0.422
242.0,0.1804
243.0,-1.2013
244.0,1.586
245.0,-0.8937
246.0,-0.0269
247.0,-0.477
248.0,20.2032
249.0,20.6097
250.0,20.4528
251.0,18.7182
252.0,15.8651
253.0,12.8292
254.0,8.8268
255.0,5.0838
256.0,3.4779
257.0,2.4637
258.0,3.442
259.0,5.4696
260.0,7.8203
261.0,11.0537
262.0,14.2489
263.0,15.91
264.0,16.1703
265.0,15.5978
266.0,14.6478
267.0,12.2601
268.0,11.4837
269.0,10.9173
270.0,11.9567
271.0,14.8933
272.0,18.2982
273.0,22.3928
274.0,26.6097
275.0,29.3742
276.0,31.6605
277.0,31.7764
278.0,31.0963
279.0,28.8944
280.0,26.451
281.0,24.2532
282.0,22.0078
283.0,22.5837
284.0,21.9315
285.0,23.3862
286.0,26.3434
287.0,28.0516
288.0,29.0654
289.0,28.9023
290.0,27.0254
291.0,23.699
292.0,20.1638
293.0,15.5957
294.0,12.3322
295.0,8.9109
296.0,7.0188
297.0,7.0557
298.0,8.4302
299.0,9.8944
300.0,11.7992
301.0,13.7635
302.0,14.3513
303.0,13.4621
304.0,11.7964
305.0,9.6806
306.0,6.4743
307.0,4.4703
308.0,3.8121
309.0,4.5269
310.0,6.7586
311.0,10.5026
312.0,14.2757
313.0,17.968
314.0,21.5386
315.0,23.5552
316.0,24.9944
317.0,24.6196
318.0,23.6323
319.0,21.5324
320.0,20.6569
321.0,20.4344
322.0,20.2906
323.0,22.2107
324.0,24.9983
325.0,27.6876
326.0,30.8719
327.0,32.8882
328.0,33.6983
329.0,32.5727
330.0,30.6488
331.0,27.5152
332.0,24.0911
333.0,20.2828
334.0,17.9459
335.0,15.157
336.0,15.4901
337.0,15.9826
338.0,18.1784
339.0,18.3859
340.0,19.1818
341.0,19.0218
342.0,16.8827
343.0,14.8219
344.0,11.2521
345.0,7.964
346.0,4.8861
347.0,3.4374
348.0,2.4787
349.0,2.8374
350.0,5.0042
351.0,8.6862
352.0,11.2723
353.0,15.3801
354.0,16.9966
355.0,16.9946
356.0,15.9943
357.0,15.9101
358.0,13.7619
359.0,13.1247
360.0,-0.91
361.0,-0.1843
362.0,-0.5734
363.0,0.2066
364.0,-0.4803
365.0,0.1033
366.0,-0.7279
367.0,0.8692
368.0,32.6462
369.0,31.6951
370.0,29.5686
371.0,26.1082
372.0,23.3528
373.0,22.6039
374.0,21.4485
375.0,21.423
376.0,23.7122
377.0,24.9929
378.0,27.1379
379.0,27.6596
380.0,28.2008
381.0,26.3914
382.0,22.5767
383.0,19.127
384.0,14.7431
385.0,11.1485
386.0,7.3092
387.0,6.4403
388.0,6.5389
389.0,6.6281
390.0,8.8664
391.0,10.7008
392.0,13.1272
393.0,14.2981
394.0,14.2171
395.0,12.1603
396.0,10.5768
397.0,7.0241
398.0,5.0495
399.0,4.9362
400.0,5.7695
401.0,7.7498
402.0,10.3173
403.0,15.208
404.0,18.8748
405.0,23.2058
406.0,25.4946
407.0,25.9905
408.0,25.8406
409.0,24.3114
410.0,22.9669
411.0,21.8348
412.0,20.286
413.0,21.2333
414.0,22.3606
415.0,24.7426
416.0,27.9511
417.0,30.3195
418.0,32.4194
419.0,32.7489
420.0,33.0562
421.0,29.8729
422.0,26.1026
423.0,22.5276
424.0,18.671
425.0,15.7217
426.0,14.3685
427.0,14.0627
428.0,14.3019
429.0,15.6906
430.0,17.2581
431.0,17.3224
432.0,17.4723
433.0,17.2103
434.0,14.7566
435.0,10.676
436.0,7.5229
437.0,4.4428
438.0,3.6762
439.0,2.4977
440.0,3.1629
441.0,5.3189
442.0,8.3695
443.0,12.5793
444.0,15.2039
445.0,16.9595
446.0,18.0523
447.0,17.4788
448.0,17.3544
449.0,15.525
450.0,14.0181
451.0,14.3736
452.0,14.8311
453.0,16.7849
454.0,21.1201
455.0,24.6434
456.0,27.8049
457.0,31.1521
458.0,32.5939
459.0,32.5675
460.0,32.1973
461.0,30.1936
462.0,25.9499
463.0,23.9494
464.0,21.4015
465.0,20.5092
466.0,20.7052
467.0,21.8126
468.0,23.8973
469.0,25.1507
470.0,26.4663
471.0,26.0153
472.0,24.2121
473.0,20.9181
474.0,17.1261
475.0,13.4461
476.0,9.5269
477.0,6.121
478.0,5.1369
479.0,5.4825
480.0,-0.6745
481.0,-0.3115
482.0,0.1462
483.0,-0.3822
484.0,-0.2009
485.0,-1.7018
486.0,-1.3151
487.0,0.1177
488.0,8.3776
489.0,6.2281
490.0,6.2175
491.0,6.0799
492.0,8.9683
493.0,11.9709
494.0,16.3475
495.0,20.8073
496.0,23.9855
497.0,26.5588
498.0,28.08
499.0,27.0472
500.0,26.198
501.0,23.5437
502.0,22.5236
503.0,21.9545
504.0,20.5657
505.0,22.5914
506.0,25.4364
507.0,27.864
508.0,30.6398
509.0,31.9681
510.0,32.6511
511.0,31.4279
512.0,29.3924
513.0,25.4155
514.0,21.3939
515.0,17.2767
516.0,14.274
517.0,12.5683
518.0,12.5223
519.0,12.9642
520.0,14.6957
521.0,16.9238
522.0,17.4085
523.0,16.8793
524.0,16.2105
525.0,13.1553
526.0,9.3488
527.0,6.4579
528.0,3.3277
529.0,2.2554
530.0,2.203
531.0,4.2221
532.0,6.3545
533.0,9.622
534.0,13.6887
535.0,15.6256
536.0,18.7513
537.0,19.8511
538.0,18.6309
539.0,18.5017
540.0,16.6995
541.0,15.2469
542.0,15.3994
543.0,17.0194
544.0,18.434
545.0,21.7388
546.0,25.2477
547.0,28.7388
548.0,32.258
549.0,33.1244
550.0,33.4868
551.0,31.7816
552.0,29.5727
553.0,26.4005
554.0,23.7081
555.0,20.8462
556.0,19.8159
557.0,19.6172
558.0,20.9118
559.0,22.8456
560.0,24.5113
561.0,24.6482
562.0,25.0017
563.0,23.4548
564.0,20.065
565.0,16.7664
566.0,11.5599
567.0,7.6455
568.0,4.7318
569.0,4.7621
570.0,4.6636
571.0,5.9176
572.0,8.409
573.0,10.3929
574.0,13.9223
575.0,14.1599
576.0,14.1433
577.0,13.2811
578.0,11.3379
579.0,9.2222
580.0,7.2772
581.0,7.2793
582.0,8.7292
583.0,10.8439
584.0,14.4572
585.0,17.7955
586.0,21.7842
587.0,25.644
588.0,28.0459
589.0,29.347
590.0,27.7296
591.0,27.4792
592.0,24.7913
593.0,22.8385
594.0,21.4956
595.0,21.2299
596.0,23.3853
597.0,25.1862
598.0,27.187
599.0,29.5421
600.0,34.8657
601.0,37.1001
602.0,37.6131
603.0,38.1238
604.0,39.2671
605.0,39.4865
606.0,38.349
607.0,38.9049
608.0,38.1085
609.0,37.6662
610.0,37.3742
611.0,36.5299
612.0,35.7227
613.0,35.5102
614.0,37.489
615.0,37.3327
616.0,38.4158
617.0,39.6263
618.0,40.9182
619.0,41.8148
620.0,42.3801
621.0,42.7411
622.0,42.8693
623.0,42.1736
624.0,41.2668
625.0,40.5179
626.0,39.1982
627.0,38.7776
628.0,36.1815
629.0,37.0451
630.0,36.8414
631.0,35.6303
632.0,36.7819
633.0,37.4834
634.0,37.9103
635.0,38.9865
636.0,39.5158
637.0,41.036
638.0,40.7088
639.0,40.4278
640.0,39.3928
641.0,37.5059
642.0,36.381
643.0,35.3404
644.0,33.2806
645.0,32.8911
646.0,31.6696
647.0,31.167
648.0,31.5593
649.0,31.7784
650.0,32.0618
651.0,33.43
652.0,33.3039
653.0,34.6179
654.0,34.9838
655.0,34.6494
656.0,34.5426
657.0,33.1779
658.0,33.0089
659.0,31.3321
660.0,29.9095
661.0,29.3463
662.0,27.6883
663.0,26.7959
664.0,26.5387
665.0,27.6329
666.0,27.4941
667.0,29.6212
668.0,29.1703
669.0,31.7897
670.0,32.1815
671.0,32.7953
672.0,33.014
673.0,33.4092
674.0,32.885
675.0,32.6905
676.0,31.4518
677.0,30.5688
678.0,29.5595
679.0,29.1099
680.0,29.0237
681.0,28.3898
682.0,29.1256
683.0,30.9289
684.0,31.9509
685.0,33.2163
686.0,34.7129
687.0,36.1206
688.0,36.7737
689.0,37.3271
690.0,37.9638
691.0,37.3515
692.0,37.4385
693.0,35.9098
694.0,36.2386
695.0,35.3198
696.0,34.742
697.0,34.855
698.0,35.3286
699.0,35.6592
700.0,35.4565
701.0,36.8777
702.0,38.4658
703.0,40.0342
704.0,41.3733
705.0,41.7253
706.0,42.5559
707.0,42.2192
708.0,41.9047
709.0,40.8681
710.0,40.106
711.0,38.8807
712.0,38.0273
713.0,38.0244
714.0,36.7074
715.0,37.9898
716.0,37.3633
717.0,37.8081
718.0,38.2089
719.0,39.7741
720.0,40.1836
721.0,41.2151
722.0,42.6496
723.0,41.6645
724.0,41.8185
725.0,40.3267
726.0,39.5042
727.0,38.9092
728.0,36.5453
729.0,36.1794
730.0,34.5991
731.0,33.2677
732.0,33.3053
733.0,33.3994
734.0,33.5764
735.0,33.2882
736.0,34.3604
737.0,35.2889
738.0,35.9518
739.0,36.5556
740.0,36.3482
741.0,35.3177
742.0,35.1988
743.0,34.1739
744.0,32.8362
745.0,31.6671
746.0,30.281
747.0,29.0739
748.0,28.1464
749.0,27.2032
750.0,28.1562
751.0,28.568
752.0,29.389
753.0,29.734
754.0,30.7998
755.0,32.5183
756.0,32.6971
757.0,33.2628
758.0,32.8999
759.0,32.4333
760.0,32.0306
761.0,30.4934
762.0,29.7319
763.0,28.5999
764.0,27.9382
765.0,27.6607
766.0,27.9565
767.0,28.183
768.0,29.7655
769.0,30.0851
770.0,31.7113
771.0,32.9689
772.0,34.9503
773.0,35.4168
774.0,36.3663
775.0,35.5812
776.0,36.1227
777.0,35.8956
778.0,34.8883
779.0,34.5262
780.0,33.2138
781.0,33.5185
782.0,33.7299
783.0,32.9072
784.0,33.5145
785.0,35.2704
786.0,36.5818
787.0,37.1382
788.0,38.5652
789.0,39.8473
790.0,40.3616
791.0,41.093
792.0,41.1995
793.0,41.027
794.0,40.7106
795.0,39.9751
796.0,39.5629
797.0,37.6573
798.0,37.755
799.0,36.8804
800.0,36.9171
801.0,37.557
802.0,37.5268
803.0,39.0662
804.0,40.0392
805.0,41.2047
806.0,41.9882
807.0,43.4229
808.0,42.368
809.0,42.167
810.0,41.4749
811.0,40.5023
812.0,39.2363
813.0,38.6401
814.0,37.4622
815.0,35.5916
816.0,34.7205
817.0,34.851
818.0,34.441
819.0,35.2658
820.0,35.7075
821.0,35.7719
822.0,37.7423
823.0,38.4353
824.0,37.7892
825.0,37.8321
826.0,37.651
827.0,36.832
828.0,35.8032
829.0,34.9771
830.0,32.6679
831.0,31.0677
832.0,29.7069
833.0,29.1726
834.0,29.0606
835.0,29.8184
836.0,29.2986
837.0,30.2901
838.0,31.0534
839.0,32.4139
840.0,33.7017
841.0,32.9792
842.0,33.1555
843.0,33.5479
844.0,32.8153
845.0,32.3939
846.0,30.8122
847.0,29.3081
848.0,28.66
849.0,28.0768
850.0,27.5187
851.0,27.3642
852.0,27.9859
853.0,28.8107
854.0,29.9752
855.0,30.9294
856.0,31.8717
857.0,33.1397
858.0,34.4524
859.0,34.1871
860.0,34.819
861.0,34.2978
862.0,33.9412
863.0,33.7153
864.0,32.4915
865.0,31.7292
866.0,30.6838
867.0,31.3735
868.0,31.5751
869.0,32.831
870.0,32.8558
871.0,34.3527
872.0,35.7956
873.0,37.7543
874.0,38.3612
875.0,39.5072
876.0,40.264
877.0,40.3075
878.0,39.8651
879.0,39.5959
880.0,39.1946
881.0,37.5114
882.0,37.1896
883.0,36.266
884.0,36.7377
885.0,35.7336
886.0,36.5849
887.0,37.7657
888.0,39.2978
889.0,39.8252
890.0,40.7857
891.0,42.7462
892.0,42.1032
893.0,42.1046
894.0,43.0341
895.0,42.1173
896.0,41.0223
897.0,40.5899
898.0,39.1822
899.0,37.689
900.0,36.424
901.0,36.6087
902.0,36.2129
903.0,35.9906
904.0,37.1909
905.0,36.7022
906.0,37.3287
907.0,38.4566
908.0,39.3502
909.0,39.8165
910.0,39.6008
911.0,39.4045
912.0,37.933
913.0,37.8527
914.0,35.8672
915.0,34.8957
916.0,33.209
917.0,32.0928
918.0,31.3029
919.0,30.8137
920.0,30.8615
921.0,31.4769
922.0,31.6475
923.0,32.634
924.0,33.1089
925.0,34.3832
926.0,33.9416
927.0,34.9919
928.0,33.9294
929.0,32.6766
930.0,32.3004
931.0,30.7849
932.0,30.1491
933.0,28.4044
934.0,27.576
935.0,26.4347
936.0,26.8593
937.0,26.348
938.0,27.3484
939.0,29.2478
940.0,30.3903
941.0,31.4024
942.0,31.879
943.0,33.0305
944.0,33.4918
945.0,33.092
946.0,33.8502
947.0,32.9902
948.0,31.7471
949.0,30.9862
950.0,30.2901
951.0,28.8503
952.0,29.3661
953.0,29.3926
954.0,29.8802
955.0,31.1564
956.0,33.2572
957.0,34.2168
958.0,35.1594
959.0,36.9013
960.0,38.2452
961.0,38.7058
962.0,38.6052
963.0,38.1748
964.0,38.2368
965.0,37.4187
966.0,36.8405
967.0,36.0221
968.0,35.6754
969.0,34.8394
970.0,35.7537
971.0,35.8668
972.0,37.5247
973.0,37.5807
974.0,39.8396
975.0,40.493
976.0,41.2545
977.0,42.1279
978.0,42.6143
979.0,42.9066
980.0,42.5272
981.0,41.3224
982.0,40.5385
983.0,40.3026
984.0,39.0843
985.0,37.7045
986.0,36.9812
987.0,36.8161
988.0,37.1958
989.0,37.0638
990.0,38.1435
991.0,38.4778
992.0,40.1835
993.0,40.9957
994.0,40.9655
995.0,41.8307
996.0,40.3341
997.0,39.4579
998.0,39.0164
999.0,38.0038
1000.0,36.8324
1001.0,34.6153
1002.0,34.077
1003.0,32.795
1004.0,32.2925
1005.0,32.668
1006.0,32.8911
1007.0,32.5899
1008.0,34.5511
1009.0,35.2576
1010.0,35.0608
1011.0,35.8101
1012.0,35.8375
1013.0,35.3402
1014.0,34.235
1015.0,33.0967
1016.0,32.0677
1017.0,31.2021
1018.0,29.6981
1019.0,28.3125
1020.0,28.0931
1021.0,26.3794
1022.0,28.1381
1023.0,27.5277
1024.0,28.9198
1025.0,29.6281
1026.0,30.5932
1027.0,32.4885
1028.0,32.5015
1029.0,33.1532
1030.0,32.9427
1031.0,32.7334
1032.0,31.8547
1033.0,30.4021
1034.0,30.3533
1035.0,28.8931
1036.0,27.8381
1037.0,28.0032
1038.0,28.8974
1039.0,29.1813
1040.0,29.6255
1041.0,30.8376
1042.0,32.2217
1043.0,34.5671
1044.0,35.1402
1045.0,36.1474
1046.0,37.0211
1047.0,36.9414
1048.0,36.5946
1049.0,36.152
1050.0,35.5226
1051.0,34.7826
1052.0,34.4076
1053.0,33.6663
1054.0,33.7858
1055.0,33.6906
1056.0,34.3796
1057.0,34.527
1058.0,36.9324
1059.0,38.0775
1060.0,39.6969
1061.0,39.3359
1062.0,42.2366
1063.0,41.8714
1064.0,42.4739
1065.0,41.3082
1066.0,41.3184
1067.0,39.7658
1068.0,38.9545
1069.0,39.0378
1070.0,37.4537
1071.0,37.1741
1072.0,37.3578
1073.0,37.5097
1074.0,38.0117
1075.0,38.9863
1076.0,40.8128
1077.0,40.816
1078.0,41.7374
1079.0,42.5997
1080.0,42.7595
1081.0,42.5055
1082.0,41.5896
1083.0,39.8378
1084.0,39.6779
1085.0,37.2042
1086.0,36.4807
1087.0,34.9538
1088.0,34.4362
1089.0,34.178
1090.0,34.1532
1091.0,34.5259
1092.0,35.6013
1093.0,35.8773
1094.0,36.3348
1095.0,37.4067
1096.0,37.8125
1097.0,36.8003
1098.0,37.0849
1099.0,36.2963
1100.0,34.7502
1101.0,34.0678
1102.0,32.0414
1103.0,30.8213
1104.0,29.5978
1105.0,28.9068
1106.0,28.101
1107.0,28.0228
1108.0,29.6767
1109.0,29.4323
1110.0,30.2733
1111.0,30.7284
1112.0,32.1296
1113.0,32.401
1114.0,33.7925
1115.0,33.3654
1116.0,32.1462
1117.0,32.4833
1118.0,30.947
1119.0,29.3462
1120.0,27.4969
1121.0,28.6708
1122.0,26.8034
1123.0,26.7187
1124.0,28.2296
1125.0,29.6247
1126.0,30.3248
1127.0,31.2855
1128.0,32.6059
1129.0,33.8892
1130.0,34.7751
1131.0,35.1608
1132.0,35.2776
1133.0,35.0217
1134.0,34.244
1135.0,33.7289
1136.0,32.3934
1137.0,32.3418
1138.0,31.5146
1139.0,31.3243
1140.0,32.0848
1141.0,33.2201
1142.0,34.0421
1143.0,34.3276
1144.0,35.9823
1145.0,38.1701
1146.0,38.6618
1147.0,39.943
1148.0,40.8568
1149.0,40.4371
1150.0,40.6501
1151.0,39.519
1152.0,39.0264
1153.0,38.5167
1154.0,36.9287
1155.0,37.1123
1156.0,36.6006
1157.0,36.8697
1158.0,37.1594
1159.0,38.376
1160.0,38.8904
1161.0,39.8008
1162.0,41.1296
1163.0,42.2354
1164.0,42.6776
1165.0,42.9275
1166.0,42.4562
1167.0,41.8842
1168.0,40.6542
1169.0,40.745
1170.0,38.2813
1171.0,37.2887
1172.0,36.2586
1173.0,36.1882
1174.0,35.3681
1175.0,36.0275
1176.0,35.6484
1177.0,36.6775
1178.0,37.0132
1179.0,38.9755
1180.0,38.2561
1181.0,39.1876
1182.0,39.2803
1183.0,38.7469
1184.0,37.6687
1185.0,36.5274
1186.0,35.22
1187.0,33.6941
1188.0,32.7667
1189.0,32.112
1190.0,30.1814
1191.0,29.4312
1192.0,29.9318
1193.0,31.3612
1194.0,30.6559
1195.0,32.4417
1196.0,33.2815
1197.0,33.0839
1198.0,33.973
1199.0,34.4934
1200.0,33.4037
1201.0,32.8186
1202.0,31.7107
1203.0,30.3901
1204.0,29.3376
1205.0,28.0071
1206.0,27.647
1207.0,26.8096
1208.0,27.1094
1209.0,26.7195
1210.0,28.1872
1211.0,29.3982
1212.0,29.4472
1213.0,31.5974
1214.0,33.0182
1215.0,32.8715
1216.0,34.511
1217.0,34.113
1218.0,33.3963
1219.0,33.0837
1220.0,32.5606
1221.0,31.5402
1222.0,30.9866
1223.0,29.8903
1224.0,30.1486
1225.0,29.7372
1226.0,30.8918
1227.0,31.5778
1228.0,32.9262
1229.0,35.1457
1230.0,36.5202
1231.0,37.6135
1232.0,37.9444
1233.0,38.9002
1234.0,39.7489
1235.0,39.1608
1236.0,39.5407
1237.0,38.0559
1238.0,37.1752
1239.0,36.236
1240.0,35.8733
1241.0,35.5268
1242.0,36.0118
1243.0,36.6372
1244.0,36.8097
1245.0,37.7139
1246.0,38.7595
1247.0,40.9228
1248.0,41.335
1249.0,41.6758
1250.0,43.0667
1251.0,43.8553
1252.0,42.3886
1253.0,41.9116
1254.0,40.5566
1255.0,39.3332
1256.0,38.6398
1257.0,37.2451
1258.0,36.8574
1259.0,36.6354
1260.0,36.3774
1261.0,37.5209
1262.0,37.7863
1263.0,38.4134
1264.0,39.7716
1265.0,39.8756
1266.0,40.6357
1267.0,40.6332
1268.0,40.6672
1269.0,39.6176
1270.0,38.2794
1271.0,37.2565
1272.0,36.0444
1273.0,34.3397
1274.0,32.9589
1275.0,31.5898
1276.0,31.238
1277.0,31.4966
1278.0,31.6955
1279.0,32.4633
1280.0,33.3126
1281.0,34.2619
1282.0,34.6455
1283.0,35.2305
1284.0,35.0741
1285.0,33.8814
1286.0,33.545
1287.0,32.8059
1288.0,31.1273
1289.0,30.5435
1290.0,29.7029
1291.0,28.5995
1292.0,27.3932
1293.0,27.8538
1294.0,27.5225
1295.0,27.92
1296.0,28.6983
1297.0,29.8821
1298.0,30.9315
1299.0,32.1166
1300.0,32.8257
1301.0,33.1369
1302.0,33.305
1303.0,33.2344
1304.0,32.4651
1305.0,30.6272
1306.0,29.282
1307.0,29.8544
1308.0,28.3435
1309.0,28.5513
1310.0,28.3308
1311.0,28.6548
1312.0,30.5459
1313.0,31.8726
1314.0,32.7357
1315.0,33.3372
1316.0,35.4244
1317.0,36.8027
1318.0,36.6998
1319.0,37.61
1320.0,37.3879
1321.0,37.1598
1322.0,36.2949
1323.0,35.0991
1324.0,35.2775
1325.0,34.2526
1326.0,34.1373
1327.0,33.9868
1328.0,34.7868
1329.0,35.5639
1330.0,37.061
1331.0,39.158
1332.0,39.2507
1333.0,40.3157
1334.0,42.4191
1335.0,42.2336
1336.0,42.1118
1337.0,42.4459
1338.0,41.0923
1339.0,41.1331
1340.0,39.644
1341.0,38.1981
1342.0,38.4658
1343.0,36.8692
1344.0,37.2822
1345.0,37.3583
1346.0,38.3511
1347.0,39.2962
1348.0,39.6487
1349.0,40.2763
1350.0,41.5352
1351.0,41.5596
1352.0,42.7326
1353.0,41.6558
1354.0,40.7212
1355.0,39.8671
1356.0,37.9513
1357.0,36.7097
1358.0,36.2482
1359.0,34.3769
1360.0,33.4059
1361.0,33.6056
1362.0,33.8284
1363.0,33.9624
1364.0,34.6635
1365.0,34.6973
1366.0,35.1662
1367.0,36.9258
1368.0,36.5169
1369.0,36.5087
1370.0,36.7067
1371.0,35.5829
1372.0,34.4143
1373.0,33.7677
1374.0,31.2524
1375.0,30.5779
1376.0,29.1555
1377.0,28.5062
1378.0,28.6841
1379.0,28.3725
1380.0,28.8641
1381.0,29.8513
1382.0,30.2181
1383.0,30.9928
1384.0,31.7517
1385.0,31.9749
1386.0,33.8371
1387.0,32.4472
1388.0,32.3086
1389.0,31.496
1390.0,30.7502
1391.0,29.9236
1392.0,29.0096
1393.0,27.7368
1394.0,27.5537
1395.0,27.7957
1396.0,28.0698
1397.0,29.6818
1398.0,30.3969
1399.0,31.8207
1400.0,33.1349
1401.0,34.5516
1402.0,35.1083
1403.0,35.1211
1404.0,36.0117
1405.0,35.4234
1406.0,34.9897
1407.0,34.7462
1408.0,34.2482
1409.0,33.0804
1410.0,32.7295
1411.0,33.1442
1412.0,32.805
1413.0,34.3947
1414.0,34.5833
1415.0,34.9221
1416.0,37.335
1417.0,38.5835
1418.0,40.1866
1419.0,40.8937
1420.0,41.1458
1421.0,40.869
1422.0,41.0262
1423.0,40.1791
1424.0,39.4642
1425.0,39.0143
1426.0,38.5826
1427.0,37.3997
1428.0,36.3915
1429.0,37.0421
1430.0,37.7172
1431.0,37.7076
1432.0,38.8596
1433.0,40.0028
1434.0,40.7424
1435.0,42.2044
1436.0,42.4886
1437.0,42.9103
1438.0,42.1664
1439.0,41.713
1440.0,41.1984
1441.0,39.5473
1442.0,39.0796
1443.0,36.9766
1444.0,36.1691
1445.0,35.7015
1446.0,34.3844
1447.0,34.2598
1448.0,34.716
1449.0,36.455
1450.0,36.4894
1451.0,38.4852
1452.0,37.8349
1453.0,38.4552
1454.0,38.9528
1455.0,38.6879
1456.0,37.8699
1457.0,36.3668
1458.0,34.9213
1459.0,33.3076
1460.0,32.0219
1461.0,30.3518
1462.0,29.4399
1463.0,29.3619
1464.0,29.3075
1465.0,29.5837
1466.0,30.7215
1467.0,31.6664
1468.0,32.179
1469.0,33.4669
1470.0,32.8987
1471.0,33.4158
1472.0,32.9628
1473.0,31.8922
1474.0,31.6947
1475.0,30.5785
1476.0,30.0815
1477.0,28.6761
1478.0,27.1993
1479.0,27.8836
1480.0,27.5772
1481.0,27.6959
1482.0,28.133
1483.0,28.8966
1484.0,30.3571
1485.0,32.1891
1486.0,33.6297
1487.0,34.3627
1488.0,34.0759
1489.0,33.9643
1490.0,34.2365
1491.0,32.933
1492.0,33.0309
1493.0,32.0424
1494.0,31.2006
1495.0,30.258
1496.0,30.9418
1497.0,30.7602
1498.0,31.1507
1499.0,31.4812
1500.0,21.989
1501.0,29.3384
1502.0,34.4874
1503.0,36.399
1504.0,36.4041
1505.0,34.7415
1506.0,31.0671
1507.0,28.8955
1508.0,27.9595
1509.0,29.1659
1510.0,31.587
1511.0,35.4901
1512.0,38.7948
1513.0,40.6666
1514.0,40.1281
1515.0,36.7919
1516.0,31.2826
1517.0,23.9707
1518.0,18.8554
1519.0,13.973
1520.0,12.4101
1521.0,12.8302
1522.0,14.367
1523.0,18.0798
1524.0,19.2717
1525.0,18.0857
1526.0,15.252
1527.0,10.8886
1528.0,5.1689
1529.0,1.7902
1530.0,0.8275
1531.0,1.4004
1532.0,6.072
1533.0,11.1572
1534.0,17.9127
1535.0,22.5995
1536.0,24.7267
1537.0,26.2076
1538.0,23.96
1539.0,21.7264
1540.0,20.58
1541.0,21.2041
1542.0,22.9156
1543.0,27.9997
1544.0,33.8919
1545.0,39.4232
1546.0,42.9192
1547.0,43.7239
1548.0,41.6671
1549.0,37.8599
1550.0,67.1381
1551.0,61.5058
1552.0,59.5562
1553.0,58.6835
1554.0,58.393
1555.0,61.1419
1556.0,63.8771
1557.0,65.1001
1558.0,27.6226
1559.0,23.209
1560.0,17.5174
1561.0,11.6971
1562.0,5.3955
1563.0,2.0414
1564.0,1.709
1565.0,3.7219
1566.0,8.0969
1567.0,13.0228
1568.0,15.8347
1569.0,16.9968
1570.0,16.2089
1571.0,13.3284
1572.0,11.5004
1573.0,9.2596
1574.0,9.4634
1575.0,13.6959
1576.0,17.7944
1577.0,24.0036
1578.0,30.7004
1579.0,36.3997
1580.0,38.5629
1581.0,37.7708
1582.0,36.3419
1583.0,32.2997
1584.0,30.2749
1585.0,28.4656
1586.0,28.4962
1587.0,31.7589
1588.0,34.848
1589.0,38.3866
1590.0,39.7711
1591.0,38.179
1592.0,34.4518
1593.0,29.2116
1594.0,21.9166
1595.0,15.7925
1596.0,11.3951
1597.0,10.3466
1598.0,11.8366
1599.0,12.974
1600.0,16.0347
1601.0,18.1216
1602.0,17.0659
1603.0,14.6553
1604.0,9.8767
1605.0,5.9653
1606.0,2.3075
1607.0,1.6549
1608.0,3.4776
1609.0,8.4106
1610.0,13.6329
1611.0,19.7922
1612.0,24.809
1613.0,27.473
1614.0,28.1814
1615.0,26.44
1616.0,24.3593
1617.0,23.1443
1618.0,22.2778
1619.0,25.479
1620.0,29.9221
1621.0,34.7736
1622.0,39.048
1623.0,42.9861
1624.0,44.3896
1625.0,41.6085
1626.0,36.675
1627.0,31.2646
1628.0,26.5904
1629.0,22.8991
1630.0,21.2906
1631.0,22.0739
1632.0,24.1476
1633.0,25.9562
1634.0,27.6189
1635.0,25.2439
1636.0,21.8696
1637.0,16.2634
1638.0,9.8453
1639.0,4.061
1640.0,1.4221
1641.0,1.1417
1642.0,3.3612
1643.0,8.1776
1644.0,12.2819
1645.0,16.9313
1646.0,18.0124
1647.0,17.8263
1648.0,15.7682
1649.0,12.9793
1650.0,11.6429
1651.0,11.5871
1652.0,15.0715
1653.0,19.4408
1654.0,26.5963
1655.0,33.764
1656.0,37.4759
1657.0,39.9476
1658.0,39.9719
1659.0,37.1465
1660.0,33.458
1661.0,30.1019
1662.0,28.2875
1663.0,28.7384
1664.0,30.6596
1665.0,33.6238
1666.0,36.8943
1667.0,38.636
1668.0,36.5288
1669.0,32.202
1670.0,27.001
1671.0,19.698
1672.0,12.7806
1673.0,9.8746
1674.0,7.8455
1675.0,9.0397
1676.0,11.8327
1677.0,14.681
1678.0,16.74
1679.0,16.1728
1680.0,14.2991
1681.0,10.1979
1682.0,6.4701
1683.0,3.3793
1684.0,1.9869
1685.0,4.8572
1686.0,8.8615
1687.0,15.66
1688.0,21.9262
1689.0,27.708
1690.0,29.8292
1691.0,30.2106
1692.0,28.7919
1693.0,26.2881
1694.0,24.873
1695.0,23.735
1696.0,26.0218
1697.0,30.0686
1698.0,35.9517
1699.0,40.9616
1700.0,43.1875
1701.0,43.4226
1702.0,40.8948
1703.0,36.4389
1704.0,29.6753
1705.0,24.6483
1706.0,21.1348
1707.0,19.4692
1708.0,20.055
1709.0,22.4004
1710.0,57.9395
1711.0,60.0024
1712.0,57.9937
1713.0,53.7148
1714.0,49.1582
1715.0,43.5753
1716.0,38.0782
1717.0,35.891
1718.0,1.4157
1719.0,4.2487
1720.0,9.0844
1721.0,13.8012
1722.0,17.5869
1723.0,18.9777
1724.0,19.3486
1725.0,17.2533
1726.0,16.0687
1727.0,13.5793
1728.0,14.1307
1729.0,17.2479
1730.0,22.2381
1731.0,29.3413
1732.0,34.675
1733.0,39.655
1734.0,41.3419
1735.0,40.3388
1736.0,37.5808
1737.0,33.6835
1738.0,29.7345
1739.0,27.3761
1740.0,26.9812
1741.0,29.362
1742.0,31.6982
1743.0,35.2281
1744.0,35.9733
1745.0,33.8813
1746.0,30.2266
1747.0,23.953
1748.0,17.5695
1749.0,11.9444
1750.0,6.6681
1751.0,6.17
1752.0,7.3107
1753.0,10.5482
1754.0,13.5896
1755.0,15.4047
1756.0,15.8388
1757.0,13.7754
1758.0,11.1127
1759.0,6.9338
1760.0,4.9941
1761.0,3.757
1762.0,5.8406
1763.0,10.4061
1764.0,16.733
1765.0,23.3871
1766.0,29.3839
1767.0,32.4264
1768.0,31.9593
1769.0,31.2751
1770.0,28.1519
1771.0,26.3129
1772.0,26.4466
1773.0,27.9025
1774.0,31.1391
1775.0,35.5957
1776.0,39.4166
1777.0,42.561
1778.0,42.6549
1779.0,39.3715
1780.0,34.5015
1781.0,28.3759
1782.0,22.5273
1783.0,18.3672
1784.0,17.0947
1785.0,17.8516
1786.0,19.2595
1787.0,22.3437
1788.0,22.5744
1789.0,21.3271
1790.0,18.0291
1791.0,12.6268
1792.0,7.3066
1793.0,2.4972
1794.0,-0.1157
1795.0,0.9154
1796.0,3.6458
1797.0,9.2226
1798.0,14.5915
1799.0,18.8937
1800.0,21.2682
1801.0,20.63
1802.0,19.4886
1803.0,17.479
1804.0,16.0179
1805.0,15.9747
1806.0,19.775
1807.0,23.9917
1808.0,30.9868
1809.0,36.7961
1810.0,40.7389
1811.0,43.4495
1812.0,41.1401
1813.0,38.5737
1814.0,34.0986
1815.0,29.2574
1816.0,27.4592
1817.0,26.3433
1818.0,28.0905
1819.0,30.7031
1820.0,32.9347
1821.0,34.1472
1822.0,32.5403
1823.0,27.3466
1824.0,22.4713
1825.0,14.5354
1826.0,9.7038
1827.0,5.9331
1828.0,3.9864
1829.0,5.7902
1830.0,8.7369
1831.0,12.6676
1832.0,15.2017
1833.0,16.2783
1834.0,14.9985
1835.0,11.9913
1836.0,7.8009
1837.0,5.5702
1838.0,4.8091
1839.0,7.7373
1840.0,13.515
1841.0,20.3419
1842.0,25.8314
1843.0,31.3444
1844.0,34.4538
1845.0,34.8213
1846.0,32.529
1847.0,30.2159
1848.0,27.4848
1849.0,26.8965
1850.0,28.5131
1851.0,31.6296
1852.0,35.7776
1853.0,39.8529
1854.0,42.0625
1855.0,41.4909
1856.0,38.2426
1857.0,33.4923
1858.0,26.6338
1859.0,20.3816
1860.0,16.6645
1861.0,14.5894
1862.0,15.8398
1863.0,17.6021
1864.0,19.6189
1865.0,20.8572
1866.0,18.9901
1867.0,15.875
1868.0,10.9555
1869.0,6.2317
1870.0,37.6948
1871.0,36.0218
1872.0,36.4066
1873.0,40.0544
1874.0,44.5592
1875.0,50.8079
1876.0,55.363
1877.0,58.007
1878.0,23.4329
1879.0,21.7607
1880.0,18.9544
1881.0,18.5575
1882.0,18.1981
1883.0,21.4819
1884.0,27.1035
1885.0,31.9324
1886.0,37.0333
1887.0,41.9835
1888.0,43.9306
1889.0,42.7815
1890.0,37.7142
1891.0,33.5164
1892.0,28.5887
1893.0,25.7594
1894.0,26.0808
1895.0,25.6727
1896.0,28.7648
1897.0,31.058
1898.0,32.0157
1899.0,29.9578
1900.0,25.8649
1901.0,19.5514
1902.0,13.1905
1903.0,7.2177
1904.0,4.0299
1905.0,2.8548
1906.0,5.0049
1907.0,8.4167
1908.0,12.8234
1909.0,15.3043
1910.0,15.6378
1911.0,15.7299
1912.0,12.1712
1913.0,9.1845
1914.0,7.1168
1915.0,7.9679
1916.0,9.3229
1917.0,16.6256
1918.0,22.4224
1919.0,28.7187
1920.0,33.8009
1921.0,36.6961
1922.0,36.8534
1923.0,34.8121
1924.0,31.6887
1925.0,28.8107
1926.0,27.5741
1927.0,28.6146
1928.0,31.5491
1929.0,36.0251
1930.0,39.3834
1931.0,39.8212
1932.0,40.4811
1933.0,36.7229
1934.0,30.9096
1935.0,24.1365
1936.0,18.708
1937.0,14.4604
1938.0,12.1095
1939.0,13.2919
1940.0,14.9481
1941.0,17.1743
1942.0,18.7262
1943.0,18.5432
1944.0,15.6064
1945.0,10.8875
1946.0,6.084
1947.0,2.2083
1948.0,0.2532
1949.0,2.0749
1950.0,6.2747
1951.0,12.0016
1952.0,18.2017
1953.0,22.8971
1954.0,25.5134
1955.0,26.1697
1956.0,24.2433
1957.0,21.6977
1958.0,20.4346
1959.0,20.4467
1960.0,23.0519
1961.0,27.9172
1962.0,33.4034
1963.0,39.0228
1964.0,42.0912
1965.0,43.9561
1966.0,41.9987
1967.0,37.4986
1968.0,32.8307
1969.0,28.0494
1970.0,23.7385
1971.0,23.0168
1972.0,24.0305
1973.0,26.1698
1974.0,28.9612
1975.0,29.1995
1976.0,27.5084
1977.0,22.6987
1978.0,17.8448
1979.0,10.6515
1980.0,5.6778
1981.0,2.472
1982.0,2.4464
1983.0,3.5797
1984.0,6.84
1985.0,12.4465
1986.0,16.4257
1987.0,17.5933
1988.0,16.4095
1989.0,13.7571
1990.0,11.47
1991.0,8.9013
1992.0,9.7262
1993.0,12.6208
1994.0,18.099
1995.0,25.4082
1996.0,31.0279
1997.0,35.7367
1998.0,38.5073
1999.0,37.6385
2000.0,35.6963
2001.0,32.4033
2002.0,29.316
2003.0,28.0946
2004.0,28.3462
2005.0,31.6949
2006.0,34.8209
2007.0,38.0417
2008.0,39.446
2009.0,38.5796
2010.0,35.0393
2011.0,28.4528
2012.0,21.7872
2013.0,15.8325
2014.0,11.2388
2015.0,9.8494
2016.0,10.8211
2017.0,13.7508
2018.0,16.13
2019.0,17.6342
2020.0,17.4381
2021.0,14.4194
2022.0,10.4579
2023.0,5.7527
2024.0,2.4885
2025.0,1.0275
2026.0,2.0271
2027.0,7.321
2028.0,13.9701
2029.0,20.0323
2030.0,60.1174
2031.0,63.1087
2032.0,63.0815
2033.0,61.6371
2034.0,59.0449
2035.0,57.4908
2036.0,57.9267
2037.0,60.5046
2038.0,29.3394
2039.0,34.6408
2040.0,39.8969
2041.0,43.4697
2042.0,43.2932
2043.0,40.6991
2044.0,36.8545
2045.0,30.9782
2046.0,26.0509
2047.0,22.6213
2048.0,21.2049
2049.0,22.8017
2050.0,24.435
2051.0,26.4453
2052.0,27.2216
2053.0,24.9172
2054.0,21.7984
2055.0,15.6246
2056.0,9.7142
2057.0,3.8049
2058.0,0.6391
2059.0,1.4785
2060.0,3.8733
2061.0,7.687
2062.0,12.4057
2063.0,16.9064
2064.0,17.7225
2065.0,18.4029
2066.0,15.2946
2067.0,13.3382
2068.0,11.2768
2069.0,12.0184
2070.0,14.5053
2071.0,19.9141
2072.0,26.5622
2073.0,32.5875
2074.0,38.1724
2075.0,40.0134
2076.0,39.6749
2077.0,36.6769
2078.0,32.2928
2079.0,29.8298
2080.0,28.9987
2081.0,28.6084
2082.0,30.488
2083.0,33.6152
2084.0,36.6342
2085.0,38.0949
2086.0,36.1095
2087.0,33.0375
2088.0,26.8443
2089.0,20.0334
2090.0,13.8251
2091.0,9.5435
2092.0,8.3288
2093.0,9.3126
2094.0,11.5582
2095.0,14.3754
2096.0,16.497
2097.0,16.9666
2098.0,13.5982
2099.0,9.7147
2100.0,6.2404
2101.0,3.1535
2102.0,2.4304
2103.0,4.5204
2104.0,8.9866
2105.0,15.9327
2106.0,21.139
2107.0,26.6413
2108.0,29.8773
2109.0,29.693
2110.0,28.7293
2111.0,27.074
2112.0,24.5613
2113.0,24.4738
2114.0,25.9392
2115.0,30.2492
2116.0,35.4215
2117.0,40.1502
2118.0,43.7419
2119.0,43.7133
2120.0,40.4222
2121.0,36.0728
2122.0,30.2456
2123.0,25.009
2124.0,21.3769
2125.0,18.8627
2126.0,19.6549
2127.0,21.497
2128.0,23.9272
2129.0,24.9178
2130.0,23.6502
2131.0,19.4166
2132.0,13.8258
2133.0,8.0865
2134.0,2.7991
2135.0,1.3456
2136.0,0.1277
2137.0,3.7966
2138.0,9.2378
2139.0,13.507
2140.0,17.4807
2141.0,19.4755
2142.0,19.3749
2143.0,18.1397
2144.0,14.3156
2145.0,14.2631
2146.0,13.5118
2147.0,16.9206
2148.0,22.049
2149.0,28.8987
2150.0,34.2849
2151.0,39.7621
2152.0,42.4486
2153.0,40.3216
2154.0,37.9013
2155.0,33.4335
2156.0,30.0765
2157.0,27.6607
2158.0,27.2872
2159.0,29.5904
2160.0,33.0219
2161.0,34.8477
2162.0,36.2282
2163.0,33.9471
2164.0,29.9677
2165.0,24.4428
2166.0,18.0355
2167.0,11.5505
2168.0,7.2929
2169.0,6.1237
2170.0,6.8746
2171.0,10.5215
2172.0,13.8572
2173.0,15.5246
2174.0,15.7784
2175.0,14.2002
2176.0,10.5076
2177.0,6.8989
2178.0,5.0736
2179.0,3.6825
2180.0,5.9806
2181.0,10.7526
2182.0,17.7519
2183.0,23.9483
2184.0,29.0173
2185.0,32.7514
2186.0,33.1596
2187.0,30.677
2188.0,27.5985
2189.0,26.6571
2190.0,60.5279
2191.0,62.86
2192.0,65.4584
2193.0,71.3092
2194.0,74.7928
2195.0,78.141
2196.0,77.7451
2197.0,74.3848
2198.0,34.3912
2199.0,28.6196
2200.0,22.6596
2201.0,18.861
2202.0,17.8178
2203.0,17.0492
2204.0,20.3426
2205.0,21.8211
2206.0,22.2543
2207.0,20.7875
2208.0,17.6702
2209.0,12.9022
2210.0,6.8743
2211.0,2.9869
2212.0,-0.4512
2213.0,0.7659
2214.0,3.6023
2215.0,9.3246
2216.0,14.9596
2217.0,18.8086
2218.0,20.2779
2219.0,21.4623
2220.0,19.8828
2221.0,17.6035
2222.0,16.4483
2223.0,15.9573
2224.0,19.5408
2225.0,24.8151
2226.0,29.8875
2227.0,36.7531
2228.0,40.7957
2229.0,42.7068
2230.0,41.7567
2231.0,38.0112
2232.0,33.428
2233.0,29.5393
2234.0,26.4674
2235.0,26.0089
2236.0,28.2468
2237.0,30.1395
2238.0,33.2549
2239.0,34.0079
2240.0,31.5326
2241.0,27.775
2242.0,22.4272
2243.0,14.8079
2244.0,9.105
2245.0,5.6673
2246.0,4.7362
2247.0,5.8539
2248.0,8.9402
2249.0,13.3225
2250.0,16.0204
2251.0,16.3579
2252.0,14.5085
2253.0,11.1097
2254.0,7.6936
2255.0,5.8629
2256.0,5.6498
2257.0,8.6203
2258.0,13.3893
2259.0,19.0944
2260.0,26.7459
2261.0,31.1822
2262.0,34.3108
2263.0,34.8093
2264.0,33.6511
2265.0,31.2902
2266.0,27.917
2267.0,26.829
2268.0,28.5084
2269.0,31.9821
2270.0,35.8239
2271.0,40.6148
2272.0,42.1899
2273.0,41.838
2274.0,38.6125
2275.0,33.0215
2276.0,26.745
2277.0,20.2529
2278.0,16.1624
2279.0,14.2829
2280.0,15.5463
2281.0,17.7658
2282.0,19.845
2283.0,21.3479
2284.0,19.6162
2285.0,16.5932
2286.0,10.9964
2287.0,6.0197
2288.0,2.28
2289.0,0.4689
2290.0,1.0338
2291.0,4.8254
2292.0,9.6725
2293.0,15.8822
2294.0,21.0342
2295.0,23.4854
2296.0,23.7005
2297.0,21.9694
2298.0,19.749
2299.0,17.9942
2300.0,18.9068
2301.0,21.5546
2302.0,26.4707
2303.0,32.0897
2304.0,37.1841
2305.0,42.5367
2306.0,43.2986
2307.0,41.6531
2308.0,38.4834
2309.0,33.1609
2310.0,29.1988
2311.0,26.0486
2312.0,25.2965
2313.0,25.7275
2314.0,29.148
2315.0,30.9754
2316.0,31.4337
2317.0,29.9759
2318.0,25.0312
2319.0,19.8715
2320.0,12.6711
2321.0,6.814
2322.0,3.1724
2323.0,3.4477
2324.0,4.6023
2325.0,9.0419
2326.0,12.1586
2327.0,14.6419
2328.0,15.9004
2329.0,15.7195
2330.0,12.4712
2331.0,9.2267
2332.0,7.419
2333.0,7.6189
2334.0,10.6241
2335.0,15.9499
2336.0,21.8561
2337.0,28.099
2338.0,33.6575
2339.0,36.6859
2340.0,36.2595
2341.0,34.1711
2342.0,31.604
2343.0,28.7554
2344.0,27.6662
2345.0,28.3717
2346.0,31.5349
2347.0,35.2019
2348.0,39.502
2349.0,41.4115
2350.0,74.4802
2351.0,71.2732
2352.0,65.3185
2353.0,59.0319
2354.0,53.225
2355.0,48.5016
2356.0,47.0499
2357.0,47.7275
2358.0,15.4196
2359.0,17.7539
2360.0,18.6882
2361.0,18.269
2362.0,15.0065
2363.0,10.5736
2364.0,6.4633
2365.0,2.538
2366.0,-0.01
2367.0,2.234
2368.0,6.2791
2369.0,11.2406
2370.0,18.0537
2371.0,23.229
2372.0,24.9238
2373.0,25.3747
2374.0,24.6609
2375.0,22.1591
2376.0,20.7204
2377.0,20.8809
2378.0,23.4782
2379.0,27.4444
2380.0,34.1393
2381.0,39.6138
2382.0,42.7569
2383.0,43.8534
2384.0,41.3857
2385.0,38.0312
2386.0,32.7958
2387.0,27.6495
2388.0,24.8313
2389.0,23.1883
2390.0,24.564
2391.0,26.1379
2392.0,28.62
2393.0,29.2073
2394.0,27.7044
2395.0,23.3524
2396.0,17.538
2397.0,11.4776
2398.0,5.4792
2399.0,1.7185
2400.0,8.6998
2401.0,9.4912
2402.0,9.3372
2403.0,10.9998
2404.0,11.3255
2405.0,12.348
2406.0,12.9718
2407.0,13.2523
2408.0,13.3928
2409.0,13.6499
2410.0,13.6335
2411.0,13.5934
2412.0,13.6795
2413.0,13.0597
2414.0,13.1269
2415.0,12.8375
2416.0,11.2947
2417.0,10.8197
2418.0,10.054
2419.0,9.1274
2420.0,-21.9696
2421.0,-22.6415
2422.0,-23.6612
2423.0,-25.219
2424.0,-25.179
2425.0,-25.8877
2426.0,2.8406
2427.0,2.6691
2428.0,2.567
2429.0,1.9901
2430.0,2.4292
2431.0,3.0194
2432.0,1.9793
2433.0,2.1015
2434.0,3.2674
2435.0,4.046
2436.0,4.3809
2437.0,5.8574
2438.0,5.6105
2439.0,7.3386
2440.0,7.7577
2441.0,9.6264
2442.0,10.6511
2443.0,10.4173
2444.0,11.3069
2445.0,12.5865
2446.0,12.6992
2447.0,13.3279
2448.0,13.7165
2449.0,13.1583
2450.0,13.9945
2451.0,13.6502
2452.0,13.5091
2453.0,13.9235
2454.0,12.3515
2455.0,12.5679
2456.0,11.4151
2457.0,10.612
2458.0,10.1703
2459.0,9.0746
2460.0,8.2282
2461.0,7.4487
2462.0,6.0134
2463.0,5.0312
2464.0,4.0392
2465.0,3.4272
2466.0,4.3255
2467.0,3.1518
2468.0,1.7532
2469.0,1.5449
2470.0,2.1927
2471.0,2.2928
2472.0,2.5132
2473.0,2.552
2474.0,3.0957
2475.0,3.8885
2476.0,4.5076
2477.0,4.3883
2478.0,6.054
2479.0,6.7208
2480.0,8.0701
2481.0,10.1327
2482.0,10.0011
2483.0,10.5985
2484.0,11.8954
2485.0,12.4357
2486.0,13.0221
2487.0,13.5888
2488.0,14.529
2489.0,13.4738
2490.0,14.1895
2491.0,13.5556
2492.0,13.9285
2493.0,12.9786
2494.0,12.6872
2495.0,12.1246
2496.0,11.917
2497.0,11.0913
2498.0,-20.6442
2499.0,-21.0394
2500.0,-22.2838
2501.0,-23.442
2502.0,-23.9409
2503.0,-24.8473
2504.0,5.444
2505.0,3.9305
2506.0,2.5949
2507.0,2.4281
2508.0,2.7022
2509.0,2.9092
2510.0,1.3656
2511.0,1.3219
2512.0,3.042
2513.0,2.8098
2514.0,2.7986
2515.0,3.9712
2516.0,3.419
2517.0,5.2774
2518.0,6.277
2519.0,7.4311
2520.0,7.5944
2521.0,8.9729
2522.0,9.4839
2523.0,10.8261
2524.0,11.1686
2525.0,12.0794
2526.0,12.4558
2527.0,13.6065
2528.0,14.0497
2529.0,13.8323
2530.0,14.0153
2531.0,13.3467
2532.0,13.5865
2533.0,13.326
2534.0,13.9024
2535.0,11.7979
2536.0,12.1124
2537.0,11.1227
2538.0,9.9664
2539.0,9.6421
2540.0,8.1488
2541.0,7.2171
2542.0,6.1246
2543.0,5.7655
2544.0,4.9119
2545.0,3.5071
2546.0,2.6182
2547.0,2.5728
2548.0,1.9736
2549.0,2.0485
2550.0,2.495
2551.0,1.8909
2552.0,2.2765
2553.0,2.6772
2554.0,3.4853
2555.0,2.8586
2556.0,4.2306
2557.0,5.3606
2558.0,6.6259
2559.0,6.8646
2560.0,7.2494
2561.0,9.1865
2562.0,9.6
2563.0,10.2481
2564.0,11.277
2565.0,12.1688
2566.0,12.6122
2567.0,12.4638
2568.0,14.0652
2569.0,14.4361
2570.0,14.2606
2571.0,13.4711
2572.0,13.6257
2573.0,13.3434
2574.0,13.0936
2575.0,-17.49
2576.0,-18.767
2577.0,-19.2433
2578.0,-19.963
2579.0,-20.4791
2580.0,-21.7182
2581.0,7.377
2582.0,6.1794
2583.0,5.8402
2584.0,4.6372
2585.0,3.4129
2586.0,3.7072
2587.0,2.9331
2588.0,2.1164
2589.0,1.8821
2590.0,2.1186
2591.0,2.2591
2592.0,2.3726
2593.0,2.7785
2594.0,3.8259
2595.0,4.186
2596.0,4.5495
2597.0,5.6526
2598.0,5.7329
2599.0,7.2206
2600.0,8.7237
2601.0,8.8514
2602.0,9.515
2603.0,10.4631
2604.0,11.0909
2605.0,11.9287
2606.0,12.7059
2607.0,12.7838
2608.0,13.7126
2609.0,14.287
2610.0,13.6369
2611.0,14.5338
2612.0,13.9107
2613.0,13.7583
2614.0,12.591
2615.0,12.5845
2616.0,11.0899
2617.0,11.08
2618.0,9.9228
2619.0,9.1599
2620.0,7.5298
2621.0,6.7034
2622.0,6.3848
2623.0,4.8967
2624.0,4.6586
2625.0,3.2105
2626.0,3.4852
2627.0,2.161
2628.0,2.5146
2629.0,2.3241
2630.0,1.7213
2631.0,2.3067
2632.0,2.3978
2633.0,2.4384
2634.0,2.7425
2635.0,2.9723
2636.0,4.6131
2637.0,4.6501
2638.0,6.184
2639.0,6.956
2640.0,8.2717
2641.0,8.8178
2642.0,9.7223
2643.0,11.0167
2644.0,11.6607
2645.0,12.3691
2646.0,13.0418
2647.0,12.7318
2648.0,14.0091
2649.0,14.1711
2650.0,13.5933
2651.0,13.8285
2652.0,-16.3094
2653.0,-16.7078
2654.0,-17.0124
2655.0,-17.1848
2656.0,-18.0406
2657.0,-19.8009
2658.0,10.1029
2659.0,9.4702
2660.0,8.1547
2661.0,7.4978
2662.0,6.9508
2663.0,5.6855
2664.0,4.573
2665.0,4.1754
2666.0,3.2039
2667.0,2.6635
2668.0,2.1531
2669.0,2.6992
2670.0,1.6726
2671.0,2.6868
2672.0,2.4936
2673.0,2.0942
2674.0,3.293
2675.0,2.9173
2676.0,4.7235
2677.0,5.6301
2678.0,5.909
2679.0,7.1108
2680.0,8.7817
2681.0,8.7363
2682.0,9.4305
2683.0,11.3166
2684.0,12.3117
2685.0,12.2441
2686.0,13.2587
2687.0,13.8826
2688.0,13.4093
2689.0,13.732
2690.0,14.4923
2691.0,14.6001
2692.0,13.9315
2693.0,12.9941
2694.0,13.6489
2695.0,12.0303
2696.0,11.3927
2697.0,10.8609
2698.0,10.4758
2699.0,9.2802
2700.0,8.1659
2701.0,7.2467
2702.0,6.1633
2703.0,5.4993
2704.0,3.4615
2705.0,3.6387
2706.0,3.2424
2707.0,2.1936
2708.0,2.4482
2709.0,1.9921
2710.0,2.7022
2711.0,2.7031
2712.0,2.1073
2713.0,2.5936
2714.0,3.1163
2715.0,3.5767
2716.0,4.5513
2717.0,4.9727
2718.0,5.6937
2719.0,7.3105
2720.0,8.2518
2721.0,8.6169
2722.0,10.2122
2723.0,10.4713
2724.0,11.628
2725.0,12.5708
2726.0,12.8407
2727.0,13.5279
2728.0,13.4998
2729.0,-16.1525
2730.0,-16.0823
2731.0,-16.3725
2732.0,-16.3644
2733.0,-17.2734
2734.0,-17.3424
2735.0,12.1287
2736.0,11.4242
2737.0,10.6273
2738.0,9.8294
2739.0,9.1304
2740.0,8.3498
2741.0,6.8015
2742.0,5.6646
2743.0,4.8592
2744.0,4.2784
2745.0,3.6166
2746.0,2.8379
2747.0,2.1355
2748.0,2.1112
2749.0,2.1464
2750.0,2.238
2751.0,1.8509
2752.0,2.1285
2753.0,2.2833
2754.0,3.1333
2755.0,3.418
2756.0,4.7025
2757.0,4.5617
2758.0,6.002
2759.0,7.1818
2760.0,8.0735
2761.0,10.0158
2762.0,9.994
2763.0,10.3223
2764.0,11.4885
2765.0,11.5321
2766.0,12.8219
2767.0,13.0128
2768.0,14.0725
2769.0,13.7063
2770.0,13.9533
2771.0,13.6719
2772.0,14.4019
2773.0,13.2175
2774.0,13.5871
2775.0,12.5683
2776.0,11.7195
2777.0,10.8714
2778.0,10.0116
2779.0,8.1675
2780.0,7.8884
2781.0,7.3995
2782.0,6.1263
2783.0,4.714
2784.0,4.4523
2785.0,4.439
2786.0,3.6447
2787.0,2.6292
2788.0,2.6742
2789.0,1.9273
2790.0,1.3185
2791.0,1.7041
2792.0,2.9188
2793.0,2.5444
2794.0,3.0485
2795.0,3.6374
2796.0,5.2349
2797.0,5.9264
2798.0,7.0334
2799.0,6.9978
2800.0,8.1182
2801.0,8.3319
2802.0,10.4449
2803.0,10.2568
2804.0,11.6134
2805.0,11.8037
2806.0,-17.3814
2807.0,-16.9889
2808.0,-16.5368
2809.0,-16.2895
2810.0,-16.2193
2811.0,-15.7405
2812.0,13.2644
2813.0,13.4343
2814.0,13.3413
2815.0,12.0374
2816.0,11.2395
2817.0,10.6317
2818.0,10.326
2819.0,9.0162
2820.0,7.7875
2821.0,7.2549
2822.0,5.705
2823.0,5.5486
2824.0,4.6367
2825.0,3.6342
2826.0,2.8105
2827.0,2.2993
2828.0,2.5076
2829.0,2.5655
2830.0,1.7451
2831.0,2.2572
2832.0,1.4589
2833.0,2.4201
2834.0,3.1335
2835.0,3.3935
2836.0,4.0987
2837.0,5.0089
2838.0,6.2628
2839.0,6.9865
2840.0,7.1047
2841.0,8.0903
2842.0,9.6114
2843.0,10.907
2844.0,10.4277
2845.0,12.0427
2846.0,12.6436
2847.0,13.9014
2848.0,13.5523
2849.0,14.0793
2850.0,14.0565
2851.0,13.0739
2852.0,14.0136
2853.0,13.4322
2854.0,13.0574
2855.0,13.8131
2856.0,10.6931
2857.0,11.4138
2858.0,9.7391
2859.0,9.0535
2860.0,7.9818
2861.0,6.8917
2862.0,5.918
2863.0,5.4079
2864.0,3.8664
2865.0,4.0576
2866.0,2.9794
2867.0,2.2019
2868.0,2.1137
2869.0,2.5767
2870.0,1.7859
2871.0,2.2173
2872.0,2.0013
2873.0,2.9571
2874.0,3.4201
2875.0,4.4968
2876.0,4.4031
2877.0,5.5435
2878.0,6.1851
2879.0,7.5797
2880.0,7.7125
2881.0,9.2366
2882.0,9.7762
2883.0,-19.3017
2884.0,-18.4366
2885.0,-17.6565
2886.0,-17.1924
2887.0,-16.5681
2888.0,-15.6624
2889.0,14.3203
2890.0,14.3477
2891.0,13.7439
2892.0,13.3506
2893.0,13.7282
2894.0,13.2045
2895.0,12.8317
2896.0,11.2851
2897.0,10.6321
2898.0,9.1983
2899.0,8.7816
2900.0,8.3986
2901.0,6.8748
2902.0,6.4021
2903.0,5.1999
2904.0,4.6029
2905.0,3.2983
2906.0,3.18
2907.0,1.4575
2908.0,2.2189
2909.0,1.4217
2910.0,2.4824
2911.0,2.3848
2912.0,2.4803
2913.0,3.2624
2914.0,2.7663
2915.0,4.4563
2916.0,4.8462
2917.0,5.1814
2918.0,6.6001
2919.0,6.6189
2920.0,7.6702
2921.0,8.6952
2922.0,9.6425
2923.0,10.3013
2924.0,12.0159
2925.0,12.1391
2926.0,12.9951
2927.0,13.1179
2928.0,12.9781
2929.0,14.0342
2930.0,13.2351
2931.0,13.8987
2932.0,13.159
2933.0,14.1409
2934.0,13.2186
2935.0,12.2849
2936.0,12.0322
2937.0,10.3854
2938.0,10.0715
2939.0,9.0185
2940.0,8.1056
2941.0,7.5703
2942.0,6.4389
2943.0,5.3915
2944.0,3.8113
2945.0,3.3733
2946.0,3.0968
2947.0,2.6913
2948.0,1.8416
2949.0,3.0385
2950.0,2.6066
2951.0,2.3147
2952.0,2.3225
2953.0,2.5691
2954.0,2.7651
2955.0,3.7884
2956.0,4.5764
2957.0,4.7794
2958.0,6.2796
2959.0,6.9993
2960.0,-22.7631
2961.0,-21.4055
2962.0,-20.3113
2963.0,-18.521
2964.0,-18.2507
2965.0,-18.2916
2966.0,13.0485
2967.0,12.7271
2968.0,14.1394
2969.0,13.7377
2970.0,13.9625
2971.0,14.4564
2972.0,13.1915
2973.0,12.7872
2974.0,12.6207
2975.0,12.658
2976.0,10.919
2977.0,9.5911
2978.0,9.6736
2979.0,9.1593
2980.0,8.4801
2981.0,6.8761
2982.0,5.9813
2983.0,5.7376
2984.0,3.7254
2985.0,3.602
2986.0,3.2221
2987.0,2.8336
2988.0,2.0897
2989.0,2.0876
2990.0,1.0047
2991.0,1.8106
2992.0,2.4751
2993.0,2.261
2994.0,3.1695
2995.0,3.9361
2996.0,4.3363
2997.0,5.3442
2998.0,5.7608
2999.0,6.9787
3000.0,15.2441
3001.0,16.5768
3002.0,17.7387
3003.0,19.4148
3004.0,20.8065
3005.0,20.6966
3006.0,22.7407
3007.0,22.64
3008.0,23.1611
3009.0,23.3975
3010.0,22.0113
3011.0,21.6444
3012.0,20.9306
3013.0,19.6318
3014.0,19.3598
3015.0,16.9112
3016.0,15.5382
3017.0,14.3213
3018.0,12.2653
3019.0,11.1759
3020.0,10.1817
3021.0,8.8209
3022.0,8.0344
3023.0,7.2283
3024.0,6.4756
3025.0,7.1377
3026.0,7.9275
3027.0,7.7303
3028.0,8.5735
3029.0,9.7565
3030.0,10.1671
3031.0,12.7077
3032.0,13.5669
3033.0,15.6527
3034.0,16.2208
3035.0,18.7005
3036.0,19.6352
3037.0,20.7418
3038.0,21.6102
3039.0,22.1776
3040.0,23.2547
3041.0,23.0471
3042.0,22.1317
3043.0,22.1131
3044.0,21.8539
3045.0,21.17
3046.0,19.9226
3047.0,19.1534
3048.0,16.4734
3049.0,15.8179
3050.0,13.5124
3051.0,13.05
3052.0,11.2964
3053.0,10.2226
3054.0,8.6085
3055.0,8.5836
3056.0,7.8567
3057.0,7.3148
3058.0,6.9573
3059.0,7.4575
3060.0,7.4402
3061.0,8.8256
3062.0,10.1392
3063.0,11.1031
3064.0,11.7349
3065.0,13.6306
3066.0,14.4827
3067.0,16.743
3068.0,18.1535
3069.0,18.5772
3070.0,20.0559
3071.0,21.4034
3072.0,22.1567
3073.0,22.2907
3074.0,23.1465
3075.0,23.0192
3076.0,22.4823
3077.0,21.6259
3078.0,21.4655
3079.0,20.6074
3080.0,18.4724
3081.0,17.009
3082.0,15.9569
3083.0,14.0963
3084.0,12.6904
3085.0,11.63
3086.0,9.291
3087.0,9.4813
3088.0,8.1009
3089.0,7.2754
3090.0,7.0457
3091.0,6.994
3092.0,6.533
3093.0,8.3209
3094.0,8.4999
3095.0,9.6566
3096.0,11.0555
3097.0,11.6182
3098.0,13.6754
3099.0,14.8929
3100.0,16.8527
3101.0,17.1224
3102.0,19.2855
3103.0,20.2795
3104.0,21.6895
3105.0,22.4651
3106.0,22.4914
3107.0,22.7061
3108.0,22.8743
3109.0,22.2013
3110.0,22.265
3111.0,20.8983
3112.0,18.7825
3113.0,18.5159
3114.0,16.8384
3115.0,15.1079
3116.0,13.7446
3117.0,12.7899
3118.0,11.8656
3119.0,10.18
3120.0,8.7114
3121.0,8.2542
3122.0,7.2564
3123.0,6.8036
3124.0,6.5473
3125.0,6.5248
3126.0,7.567
3127.0,8.5466
3128.0,9.4407
3129.0,10.5085
3130.0,11.6484
3131.0,13.7293
3132.0,14.4731
3133.0,16.8244
3134.0,17.5724
3135.0,19.0242
3136.0,19.9339
3137.0,21.316
3138.0,22.6672
3139.0,22.9807
3140.0,23.3823
3141.0,23.1274
3142.0,22.1185
3143.0,21.7959
3144.0,20.7339
3145.0,20.4775
3146.0,18.1871
3147.0,17.6113
3148.0,16.1176
3149.0,14.9714
3150.0,12.5823
3151.0,11.6191
3152.0,10.9674
3153.0,8.7069
3154.0,7.4578
3155.0,6.688
3156.0,7.3665
3157.0,6.2558
3158.0,7.0766
3159.0,7.8979
3160.0,8.5575
3161.0,9.6495
3162.0,10.7638
3163.0,12.5382
3164.0,13.1051
3165.0,14.7292
3166.0,16.2049
3167.0,18.3054
3168.0,19.6853
3169.0,20.7011
3170.0,21.99
3171.0,21.8058
3172.0,23.4414
3173.0,23.6002
3174.0,23.2128
3175.0,23.2727
3176.0,21.2656
3177.0,20.8362
3178.0,19.6512
3179.0,18.9544
3180.0,16.8338
3181.0,16.0634
3182.0,14.7878
3183.0,13.0242
3184.0,11.4477
3185.0,9.6596
3186.0,8.6153
3187.0,8.5716
3188.0,7.7517
3189.0,7.0658
3190.0,6.8419
3191.0,6.4152
3192.0,7.2946
3193.0,9.248
3194.0,8.9672
3195.0,10.7507
3196.0,12.4297
3197.0,12.984
3198.0,15.0739
3199.0,16.8892
3200.0,17.9783
3201.0,20.4725
3202.0,19.8532
3203.0,21.9401
3204.0,22.2079
3205.0,23.0833
3206.0,23.1675
3207.0,22.6253
3208.0,22.6516
3209.0,21.185
3210.0,21.2873
3211.0,20.0645
3212.0,18.9213
3213.0,17.6771
3214.0,15.9075
3215.0,14.2988
3216.0,12.3937
3217.0,11.0493
3218.0,10.5294
3219.0,9.5285
3220.0,7.9766
3221.0,7.4584
3222.0,6.7196
3223.0,7.4782
3224.0,7.4917
3225.0,8.4994
3226.0,8.1321
3227.0,9.3282
3228.0,10.7675
3229.0,12.2853
3230.0,13.3997
3231.0,14.6508
3232.0,16.8666
3233.0,18.2618
3234.0,18.9586
3235.0,21.0628
3236.0,21.9847
3237.0,22.3308
3238.0,22.8063
3239.0,23.2126
3240.0,22.5739
3241.0,22.572
3242.0,21.0672
3243.0,21.3966
3244.0,19.3207
3245.0,19.2672
3246.0,17.1218
3247.0,15.6758
3248.0,13.9885
3249.0,12.6309
3250.0,11.9016
3251.0,9.0596
3252.0,9.4648
3253.0,8.207
3254.0,6.9572
3255.0,6.6513
3256.0,7.6796
3257.0,6.8473
3258.0,7.2616
3259.0,8.9383
3260.0,9.6148
3261.0,10.2997
3262.0,12.1134
3263.0,13.0757
3264.0,15.4403
3265.0,16.9386
3266.0,18.1861
3267.0,19.4698
3268.0,21.2251
3269.0,21.5165
3270.0,21.8043
3271.0,22.9543
3272.0,23.8254
3273.0,22.5127
3274.0,22.4154
3275.0,22.0948
3276.0,21.0244
3277.0,19.5524
3278.0,19.1146
3279.0,18.1819
3280.0,15.8389
3281.0,13.8779
3282.0,12.1266
3283.0,11.4374
3284.0,10.4963
3285.0,9.1441
3286.0,8.0708
3287.0,7.2043
3288.0,6.6446
3289.0,7.343
3290.0,7.591
3291.0,7.1047
3292.0,9.1193
3293.0,9.709
3294.0,11.2347
3295.0,11.4898
3296.0,12.9397
3297.0,14.9404
3298.0,16.7151
3299.0,18.6918
3300.0,19.6076
3301.0,20.4236
3302.0,21.1061
3303.0,22.7691
3304.0,22.3886
3305.0,23.6423
3306.0,22.8048
3307.0,23.1962
3308.0,22.1998
3309.0,20.9912
3310.0,19.7375
3311.0,18.5294
3312.0,17.4252
3313.0,15.7913
3314.0,14.002
3315.0,12.6799
3316.0,11.3656
3317.0,9.2032
3318.0,9.1373
3319.0,7.6799
3320.0,6.9787
3321.0,6.4065
3322.0,6.2915
3323.0,6.6833
3324.0,7.4393
3325.0,9.2647
3326.0,9.269
3327.0,10.746
3328.0,12.1869
3329.0,13.5384
3330.0,14.969
3331.0,16.0359
3332.0,18.5537
3333.0,20.048
3334.0,19.8476
3335.0,21.107
3336.0,22.1651
3337.0,22.3887
3338.0,23.1933
3339.0,22.6273
3340.0,23.426
3341.0,22.4044
3342.0,21.131
3343.0,20.3561
3344.0,19.1082
3345.0,17.0283
3346.0,15.434
3347.0,14.2708
3348.0,13.0908
3349.0,11.3898
3350.0,9.4239
3351.0,8.6329
3352.0,8.0422
3353.0,7.4097
3354.0,7.8704
3355.0,6.4547
3356.0,7.4277
3357.0,8.3186
3358.0,9.392
3359.0,9.3176
3360.0,10.8714
3361.0,12.2546
3362.0,13.5642
3363.0,14.9605
3364.0,16.6884
3365.0,16.9604
3366.0,19.598
3367.0,20.5711
3368.0,21.4276
3369.0,23.0958
3370.0,22.5045
3371.0,22.8297
3372.0,23.7152
3373.0,22.2272
3374.0,21.7082
3375.0,20.9872
3376.0,20.2816
3377.0,18.7489
3378.0,16.7368
3379.0,15.5476
3380.0,13.9966
3381.0,12.7153
3382.0,11.5045
3383.0,10.222
3384.0,8.2436
3385.0,8.4974
3386.0,7.541
3387.0,7.6352
3388.0,7.1867
3389.0,7.666
3390.0,7.9096
3391.0,9.0219
3392.0,9.6883
3393.0,10.6357
3394.0,12.9357
3395.0,13.8416
3396.0,15.2295
3397.0,16.0035
3398.0,17.458
3399.0,19.4422
3400.0,20.5788
3401.0,21.271
3402.0,22.3334
3403.0,23.4099
3404.0,23.2691
3405.0,22.4622
3406.0,22.5154
3407.0,21.6062
3408.0,20.8909
3409.0,19.7798
3410.0,18.4748
3411.0,16.7518
3412.0,15.7094
3413.0,14.0153
3414.0,11.5744
3415.0,12.1554
3416.0,10.4902
3417.0,8.8035
3418.0,8.0793
3419.0,6.9713
3420.0,7.7597
3421.0,7.768
3422.0,7.2882
3423.0,8.1324
3424.0,8.5535
3425.0,8.9447
3426.0,10.5101
3427.0,12.0795
3428.0,13.3042
3429.0,14.9125
3430.0,16.4775
3431.0,17.9409
3432.0,19.346
3433.0,20.0964
3434.0,21.2298
3435.0,21.7632
3436.0,23.1656
3437.0,22.1487
3438.0,23.38
3439.0,23.1145
3440.0,21.8073
3441.0,20.0047
3442.0,19.8007
3443.0,18.6401
3444.0,16.8496
3445.0,15.5544
3446.0,14.8516
3447.0,13.0121
3448.0,10.9644
3449.0,9.4157
3450.0,8.8232
3451.0,7.9864
3452.0,7.6385
3453.0,6.8673
3454.0,7.2137
3455.0,7.9996
3456.0,8.0491
3457.0,8.4642
3458.0,9.4061
3459.0,10.5322
3460.0,12.499
3461.0,13.2351
3462.0,15.0181
3463.0,16.5345
3464.0,17.7726
3465.0,18.7761
3466.0,20.6498
3467.0,21.4922
3468.0,22.4772
3469.0,22.5611
3470.0,23.4793
3471.0,22.5679
3472.0,23.2448
3473.0,21.2291
3474.0,21.2199
3475.0,20.1354
3476.0,18.3476
3477.0,17.4236
3478.0,16.2723
3479.0,13.3528
3480.0,12.9472
3481.0,10.3369
3482.0,9.6685
3483.0,9.6057
3484.0,7.8391
3485.0,6.9704
3486.0,7.0023
3487.0,7.8362
3488.0,6.4928
3489.0,7.3024
3490.0,9.0824
3491.0,10.2224
3492.0,10.6335
3493.0,11.5311
3494.0,14.3243
3495.0,15.6378
3496.0,16.7856
3497.0,17.6483
3498.0,19.3055
3499.0,20.4565
3500.0,21.6489
3501.0,22.8575
3502.0,23.1263
3503.0,22.56
3504.0,23.4692
3505.0,22.6853
3506.0,22.203
3507.0,21.6326
3508.0,19.5006
3509.0,18.6515
3510.0,17.0413
3511.0,15.1333
3512.0,14.3782
3513.0,13.7508
3514.0,10.5982
3515.0,10.0418
3516.0,9.2102
3517.0,8.121
3518.0,7.3947
3519.0,6.5617
3520.0,7.1022
3521.0,6.9228
3522.0,6.847
3523.0,8.9612
3524.0,9.8627
3525.0,10.6955
3526.0,12.1183
3527.0,13.9157
3528.0,15.0897
3529.0,16.8756
3530.0,17.8543
3531.0,19.8499
3532.0,20.6489
3533.0,21.5942
3534.0,21.769
3535.0,22.8893
3536.0,22.6582
3537.0,22.6633
3538.0,22.2339
3539.0,21.5017
3540.0,21.8959
3541.0,20.4778
3542.0,19.434
3543.0,16.7647
3544.0,15.7889
3545.0,13.7221
3546.0,12.4679
3547.0,10.9669
3548.0,10.5506
3549.0,8.7955
3550.0,0.4274
3551.0,0.2416
3552.0,0.9215
3553.0,-0.5918
3554.0,0.5037
3555.0,0.4586
3556.0,-0.3894
3557.0,0.4029
3558.0,0.1345
3559.0,-0.091
3560.0,-0.3296
3561.0,-0.2876
3562.0,0.8199
3563.0,0.0003
3564.0,0.3129
3565.0,-0.3164
3566.0,-0.3119
3567.0,0.4328
3568.0,-0.5398
3569.0,-0.1661
3570.0,0.0136
3571.0,0.0445
3572.0,-0.0716
3573.0,0.1583
3574.0,0.2771
3575.0,0.2939
3576.0,-0.3943
3577.0,-0.1137
3578.0,0.4779
3579.0,0.3579
3580.0,-0.5491
3581.0,0.1406
3582.0,-0.7913
3583.0,0.0188
3584.0,0.7591
3585.0,-0.3792
3586.0,-0.3337
3587.0,0.3056
3588.0,-0.6171
3589.0,-0.2531
3590.0,0.2386
3591.0,-0.2537
3592.0,-0.0944
3593.0,0.2977
3594.0,0.1686
3595.0,0.1067
3596.0,-0.1356
3597.0,0.148
3598.0,-0.0495
3599.0,0.1831
